Workbook
Name NativeTimeline_OrderDate: #N/A
Name Slicer_Zone: #N/A

Sheet Orders
A1: OrderID | B1: RestaurantID | C1: Cuisine | D1: Zone | E1: OrderDate | F1: DeliveryTime | G1: Rating | H1: Revenue | I1: Status | J1: RestaurantName | K1: Category
A2: 1001 | B2: R001 | C2: Indian | D2: Central | E2: 46204 | F2: 22 | G2: 3.5 | H2: 400 | I2: Delivered | J2: =_xlfn.XLOOKUP(tblOrders[[#This Row],[RestaurantID]],Restaurants!A2:A16,Restaurants!B2:B16,"Unknown") -> Spice Hub | K2: =_xlfn.XLOOKUP(tblOrders[[#This Row],[RestaurantID]],Restaurants!A2:A16,Restaurants!C2:C16,"Unknown") -> Indian
A3: 1002 | B3: R002 | C3: Chinese | D3: North | E3: 46205 | F3: 29 | G3: 3.8 | H3: 483 | I3: Delivered | J3: =_xlfn.XLOOKUP(tblOrders[[#This Row],[RestaurantID]],Restaurants!A3:A17,Restaurants!B3:B17,"Unknown") -> Dragon House | K3: =_xlfn.XLOOKUP(tblOrders[[#This Row],[RestaurantID]],Restaurants!A3:A17,Restaurants!C3:C17,"Unknown") -> Chinese
A4: 1003 | B4: R003 | C4: Italian | D4: South | E4: 46206 | F4: 36 | G4: 4.1 | H4: 566 | I4: Delivered | J4: =_xlfn.XLOOKUP(tblOrders[[#This Row],[RestaurantID]],Restaurants!A4:A18,Restaurants!B4:B18,"Unknown") -> Pasta Point | K4: =_xlfn.XLOOKUP(tblOrders[[#This Row],[RestaurantID]],Restaurants!A4:A18,Restaurants!C4:C18,"Unknown") -> Italian
A5: 1004 | B5: R004 | C5: Mexican | D5: East | E5: 46207 | F5: 43 | G5: 4.4 | H5: 649 | I5: Delivered | J5: =_xlfn.XLOOKUP(tblOrders[[#This Row],[RestaurantID]],Restaurants!A5:A19,Restaurants!B5:B19,"Unknown") -> Taco Town | K5: =_xlfn.XLOOKUP(tblOrders[[#This Row],[RestaurantID]],Restaurants!A5:A19,Restaurants!C5:C19,"Unknown") -> Mexican
A6: 1005 | B6: R005 | C6: Indian | D6: West | E6: 46208 | F6: 50 | G6: 4.7 | H6: 732 | I6: Delayed | J6: =_xlfn.XLOOKUP(tblOrders[[#This Row],[RestaurantID]],Restaurants!A6:A20,Restaurants!B6:B20,"Unknown") -> Curry Corner | K6: =_xlfn.XLOOKUP(tblOrders[[#This Row],[RestaurantID]],Restaurants!A6:A20,Restaurants!C6:C20,"Unknown") -> Indian
A7: 1006 | B7: R006 | C7: Chinese | D7: Central | E7: 46209 | F7: 57 | G7: 5 | H7: 815 | I7: Cancelled | J7: =_xlfn.XLOOKUP(tblOrders[[#This Row],[RestaurantID]],Restaurants!A7:A21,Restaurants!B7:B21,"Unknown") -> Wok Express | K7: =_xlfn.XLOOKUP(tblOrders[[#This Row],[RestaurantID]],Restaurants!A7:A21,Restaurants!C7:C21,"Unknown") -> Chinese
A8: 1007 | B8: R007 | C8: Italian | D8: North | E8: 46210 | F8: 25 | G8: 3.7 | H8: 898 | I8: Delivered | J8: =_xlfn.XLOOKUP(tblOrders[[#This Row],[RestaurantID]],Restaurants!A8:A22,Restaurants!B8:B22,"Unknown") -> Pizza Palace | K8: =_xlfn.XLOOKUP(tblOrders[[#This Row],[RestaurantID]],Restaurants!A8:A22,Restaurants!C8:C22,"Unknown") -> Italian
A9: 1008 | B9: R008 | C9: Mexican | D9: South | E9: 46211 | F9: 32 | G9: 4 | H9: 981 | I9: Delivered | J9: =_xlfn.XLOOKUP(tblOrders[[#This Row],[RestaurantID]],Restaurants!A9:A23,Restaurants!B9:B23,"Unknown") -> Mexican Grill | K9: =_xlfn.XLOOKUP(tblOrders[[#This Row],[RestaurantID]],Restaurants!A9:A23,Restaurants!C9:C23,"Unknown") -> Mexican
A10: 1009 | B10: R009 | C10: Indian | D10: East | E10: 46212 | F10: 39 | G10: 4.3 | H10: 463 | I10: Delivered | J10: =_xlfn.XLOOKUP(tblOrders[[#This Row],[RestaurantID]],Restaurants!A10:A24,Restaurants!B10:B24,"Unknown") -> Punjabi Rasoi | K10: =_xlfn.XLOOKUP(tblOrders[[#This Row],[RestaurantID]],Restaurants!A10:A24,Restaurants!C10:C24,"Unknown") -> Indian
A11: 1010 | B11: R010 | C11: Chinese | D11: West | E11: 46213 | F11: 46 | G11: 4.6 | H11: 546 | I11: Delivered | J11: =_xlfn.XLOOKUP(tblOrders[[#This Row],[RestaurantID]],Restaurants!A11:A25,Restaurants!B11:B25,"Unknown") -> China Bowl | K11: =_xlfn.XLOOKUP(tblOrders[[#This Row],[RestaurantID]],Restaurants!A11:A25,Restaurants!C11:C25,"Unknown") -> Chinese
A12: 1011 | B12: R011 | C12: Italian | D12: Central | E12: 46214 | F12: 53 | G12: 4.9 | H12: 629 | I12: Delayed | J12: =_xlfn.XLOOKUP(tblOrders[[#This Row],[RestaurantID]],Restaurants!A12:A26,Restaurants!B12:B26,"Unknown") -> Italian Kitchen | K12: =_xlfn.XLOOKUP(tblOrders[[#This Row],[RestaurantID]],Restaurants!A12:A26,Restaurants!C12:C26,"Unknown") -> Italian
A13: 1012 | B13: R012 | C13: Mexican | D13: North | E13: 46215 | F13: 60 | G13: 3.6 | H13: 712 | I13: Cancelled | J13: =_xlfn.XLOOKUP(tblOrders[[#This Row],[RestaurantID]],Restaurants!A13:A27,Restaurants!B13:B27,"Unknown") -> Taco Fiesta | K13: =_xlfn.XLOOKUP(tblOrders[[#This Row],[RestaurantID]],Restaurants!A13:A27,Restaurants!C13:C27,"Unknown") -> Mexican
... A101: 1100 | B101: R010 | C101: Chinese | D101: West | E101: 46211 | F101: 52 | G101: 4.4 | H101: 804 | I101: Delivered | J101: =_xlfn.XLOOKUP(tblOrders[[#This Row],[RestaurantID]],Restaurants!A101:A115,Restaurants!B101:B115,"Unknown") -> Unknown | K101: =_xlfn.XLOOKUP(tblOrders[[#This Row],[RestaurantID]],Restaurants!A101:A115,Restaurants!C101:C115,"Unknown") -> Unknown

Sheet Restaurants
A1: RestaurantID | B1: RestaurantName | C1: Category
A2: R001 | B2: Spice Hub | C2: Indian
A3: R002 | B3: Dragon House | C3: Chinese
A4: R003 | B4: Pasta Point | C4: Italian
A5: R004 | B5: Taco Town | C5: Mexican
A6: R005 | B6: Curry Corner | C6: Indian
A7: R006 | B7: Wok Express | C7: Chinese
A8: R007 | B8: Pizza Palace | C8: Italian
A9: R008 | B9: Mexican Grill | C9: Mexican
A10: R009 | B10: Punjabi Rasoi | C10: Indian
A11: R010 | B11: China Bowl | C11: Chinese
A12: R011 | B12: Italian Kitchen | C12: Italian
... A16: R015 | B16: Pizza Corner | C16: Italian

Sheet Zone Stats
A1: Zone | B1: Mean DeliveryTime | C1: Median DeliveryTime | D1: SD DeliveryTime | E1: Mean Revenue | F1: SD Revenue | G1: Above Overall Median?
A2: Central | B2: =AVERAGEIF(tblOrders[Zone],A2,tblOrders[DeliveryTime]) -> 42.6 | C2: {=MEDIAN(_xlfn._xlws.FILTER(tblOrders[DeliveryTime],tblOrders[Zone]=A2))} -> 42.5 | D2: {=_xlfn.STDEV.S(_xlfn._xlws.FILTER(tblOrders[DeliveryTime],tblOrders[Zone]=A2))} -> 12.326266 | E2: =AVERAGEIF(tblOrders[Zone],A2,tblOrders[Revenue]) -> 676.4 | F2: {=_xlfn.STDEV.S(_xlfn._xlws.FILTER(tblOrders[Revenue],tblOrders[Zone]=A2))} -> 182.32285 | G2: =IF(B2>$H$2,"Above Median","Normal") -> Above Median
A3: North | B3: =AVERAGEIF(tblOrders[Zone],A3,tblOrders[DeliveryTime]) -> 42.6 | C3: {=MEDIAN(_xlfn._xlws.FILTER(tblOrders[DeliveryTime],tblOrders[Zone]=A3))} -> 41.5 | D3: {=_xlfn.STDEV.S(_xlfn._xlws.FILTER(tblOrders[DeliveryTime],tblOrders[Zone]=A3))} -> 12.604928 | E3: =AVERAGEIF(tblOrders[Zone],A3,tblOrders[Revenue]) -> 699.3 | F3: {=_xlfn.STDEV.S(_xlfn._xlws.FILTER(tblOrders[Revenue],tblOrders[Zone]=A3))} -> 175.73248 | G3: =IF(B3>$H$2,"Above Median","Normal") -> Above Median
A4: South | B4: =AVERAGEIF(tblOrders[Zone],A4,tblOrders[DeliveryTime]) -> 42.2 | C4: {=MEDIAN(_xlfn._xlws.FILTER(tblOrders[DeliveryTime],tblOrders[Zone]=A4))} -> 42.5 | D4: {=_xlfn.STDEV.S(_xlfn._xlws.FILTER(tblOrders[DeliveryTime],tblOrders[Zone]=A4))} -> 12.56813 | E4: =AVERAGEIF(tblOrders[Zone],A4,tblOrders[Revenue]) -> 692.15 | F4: {=_xlfn.STDEV.S(_xlfn._xlws.FILTER(tblOrders[Revenue],tblOrders[Zone]=A4))} -> 177.91047 | G4: =IF(B4>$H$2,"Above Median","Normal") -> Above Median
A5: East | B5: =AVERAGEIF(tblOrders[Zone],A5,tblOrders[DeliveryTime]) -> 41.8 | C5: {=MEDIAN(_xlfn._xlws.FILTER(tblOrders[DeliveryTime],tblOrders[Zone]=A5))} -> 42.5 | D5: {=_xlfn.STDEV.S(_xlfn._xlws.FILTER(tblOrders[DeliveryTime],tblOrders[Zone]=A5))} -> 12.433402 | E5: =AVERAGEIF(tblOrders[Zone],A5,tblOrders[Revenue]) -> 685 | F5: {=_xlfn.STDEV.S(_xlfn._xlws.FILTER(tblOrders[Revenue],tblOrders[Zone]=A5))} -> 172.62707 | G5: =IF(B5>$H$2,"Above Median","Normal") -> Above Median
A6: West | B6: =AVERAGEIF(tblOrders[Zone],A6,tblOrders[DeliveryTime]) -> 41.25 | C6: {=MEDIAN(_xlfn._xlws.FILTER(tblOrders[DeliveryTime],tblOrders[Zone]=A6))} -> 41.5 | D6: {=_xlfn.STDEV.S(_xlfn._xlws.FILTER(tblOrders[DeliveryTime],tblOrders[Zone]=A6))} -> 11.557067 | E6: =AVERAGEIF(tblOrders[Zone],A6,tblOrders[Revenue]) -> 707.9 | F6: {=_xlfn.STDEV.S(_xlfn._xlws.FILTER(tblOrders[Revenue],tblOrders[Zone]=A6))} -> 177.30939 | G6: =IF(B6>$H$2,"Above Median","Normal") -> Above Median

Sheet PivotTable 2
A3: Row Labels | B3: Count of OrderID
A4: 2026 | B4: 100
A5: Jul | B5: 39
A6: Aug | B6: 31
A7: Sep | B7: 30
A8: Grand Total | B8: 100

Sheet Pivot - Revenue
A3: Sum of Revenue | B3: Column Labels
A4: Row Labels | B4: Central | C4: East | D4: North | E4: South | F4: West | G4: Grand Total
A5: Chinese | B5: 5406 | C5: 4110 | D5: 4284 | F5: 4725 | G5: 18525
A6: Indian | B6: 3703 | C6: 4144 | E6: 4814 | F6: 6027 | G6: 18688
A7: Italian | B7: 4419 | D7: 4785 | E7: 4865 | F7: 3406 | G7: 17475
A8: Mexican | C8: 5446 | D8: 4917 | E8: 4164 | G8: 14527
A9: Grand Total | B9: 13528 | C9: 13700 | D9: 13986 | E9: 13843 | F9: 14158 | G9: 69215

Sheet Dashboard
F1: FOOD DELIVERY OPERATIONS DASHBOARD
A4: TOTAL REVENUE | D4: AVERAGE CUSTOMER RATING | I4: ON-TIME DELIVERY %
A5: =SUM(tblOrders[Revenue]) -> 69215 | D5: =AVERAGE(tblOrders[Rating]) -> 4.238 | I5: =COUNTIFS(tblOrders[Status],"Delivered",tblOrders[DeliveryTime],"<="&40)/ROWS(tblOrders[OrderID]) -> 0.35
A8: Sum of Revenue | B8: Column Labels | I8: Row Labels | J8: Count of OrderID
A9: Row Labels | B9: Central | C9: East | D9: North | E9: South | F9: West | G9: Grand Total | I9: 2026 | J9: 100
A10: Chinese | B10: 5406 | C10: 4110 | D10: 4284 | F10: 4725 | G10: 18525 | I10: Jul | J10: 39
A11: Indian | B11: 3703 | C11: 4144 | E11: 4814 | F11: 6027 | G11: 18688 | I11: Aug | J11: 31
A12: Italian | B12: 4419 | D12: 4785 | E12: 4865 | F12: 3406 | G12: 17475 | I12: Sep | J12: 30
A13: Mexican | C13: 5446 | D13: 4917 | E13: 4164 | G13: 14527 | I13: Grand Total | J13: 100
A14: Grand Total | B14: 13528 | C14: 13700 | D14: 13986 | E14: 13843 | F14: 14158 | G14: 69215
