Workbook
Name NativeTimeline_OrderDate: #N/A
Name Slicer_Zone: #N/A

Sheet Task1_Orders 
A1: OrderID | B1: CustomerName | C1: Cuisine | D1: OrderDate | E1: Delivery Time | F1: Rating | G1: Revenue | H1: Status
A2: 1001 | B2: Jaya | C2: Indian | D2: 46266 | E2: 25 | F2: 5 | G2: 650 | H2: Delivered
A3: 1002 | B3: Riya | C3: Chinese | D3: 46267 | E3: 42 | F3: 4 | G3: 450 | H3: Delivered
A4: 1003 | B4: Neha | C4: Italian | D4: 46268 | E4: 55 | F4: 3 | G4: 720 | H4: Cancelled
A5: 1004 | B5: Priya | C5: Mexican | D5: 46269 | E5: 30 | F5: 5 | G5: 850 | H5: Delivered
A6: 1005 | B6: Anita | C6: Fast Food | D6: 46270 | E6: 48 | F6: 4 | G6: 550 | H6: Delivered
A7: 1006 | B7: Kavya | C7: Indian | D7: 46271 | E7: 22 | F7: 5 | G7: 400 | H7: Delivered
A8: 1007 | B8: Simran | C8: Chinese | D8: 46272 | E8: 65 | F8: 2 | G8: 900 | H8: Delayed
A9: 1008 | B9: Meera | C9: Italian | D9: 46273 | E9: 35 | F9: 4 | G9: 620 | H9: Delivered
A10: 1009 | B10: Pooja | C10: Mexican | D10: 46274 | E10: 28 | F10: 5 | G10: 750 | H10: Delivered
A11: 1010 | B11: Anjali | C11: Fast Food | D11: 46275 | E11: 52 | F11: 3 | G11: 480 | H11: Cancelled
A12: 1011 | B12: Rahul | C12: Indian | D12: 46276 | E12: 27 | F12: 4 | G12: 680 | H12: Delivered
A13: 1012 | B13: Aman | C13: Chinese | D13: 46277 | E13: 44 | F13: 5 | G13: 560 | H13: Delivered
... A31: 1030 | B31: Manisha | C31: Fast Food | D31: 46295 | E31: 43 | F31: 4 | G31: 540 | H31: Delivered

Sheet Task1_Premium
A1: OrderID | B1: CustomerName | C1: Cuisine | D1: OrderDate | E1: DeliveryTime | F1: Rating | G1: Revenue | H1: Status
A2: 1001 | B2: Jaya | C2: Indian | D2: 46266 | E2: 25 | F2: 5 | G2: 650 | H2: Delivered
A3: 1004 | B3: Priya | C3: Mexican | D3: 46269 | E3: 30 | F3: 5 | G3: 850 | H3: Delivered
A4: 1005 | B4: Anita | C4: Fast Food | D4: 46270 | E4: 48 | F4: 4 | G4: 550 | H4: Delivered
A5: 1008 | B5: Meera | C5: Italian | D5: 46273 | E5: 35 | F5: 4 | G5: 620 | H5: Delivered
A6: 1009 | B6: Pooja | C6: Mexican | D6: 46274 | E6: 28 | F6: 5 | G6: 750 | H6: Delivered
A7: 1011 | B7: Rahul | C7: Indian | D7: 46276 | E7: 27 | F7: 4 | G7: 680 | H7: Delivered
A8: 1012 | B8: Aman | C8: Chinese | D8: 46277 | E8: 44 | F8: 5 | G8: 560 | H8: Delivered
A9: 1014 | B9: Vivek | C9: Mexican | D9: 46279 | E9: 31 | F9: 4 | G9: 920 | H9: Delivered
A10: 1015 | B10: Arjun | C10: Fast Food | D10: 46280 | E10: 24 | F10: 5 | G10: 610 | H10: Delivered
A11: 1016 | B11: Nisha | C11: Indian | D11: 46281 | E11: 39 | F11: 4 | G11: 530 | H11: Delivered
A12: 1018 | B12: Komal | C12: Italian | D12: 46283 | E12: 29 | F12: 5 | G12: 850 | H12: Delivered
A13: 1020 | B13: Isha | C13: Fast Food | D13: 46285 | E13: 33 | F13: 4 | G13: 670 | H13: Delivered
... A20: 1030 | B20: Manisha | C20: Fast Food | D20: 46295 | E20: 43 | F20: 4 | G20: 540 | H20: Delivered

Sheet Task2_Restaurants
A1: Restaurant ID | B1: Restaurant Name | C1: Zone | D1: Category | E1: Average Rating
A2: R001 | B2: Spice Hub | C2: Central | D2: Indian | E2: 4.5
A3: R002 | B3: Dragon House | C3: North | D3: Chinese | E3: 4.2
A4: R003 | B4: Pasta Point | C4: South | D4: Italian | E4: 4.3
A5: R004 | B5: Taco Town | C5: West | D5: Mexican | E5: 4.1
A6: R005 | B6: Burger King | C6: East | D6: Fast Food | E6: 4
A7: R006 | B7: Curry House | C7: Central | D7: Indian | E7: 4.4
A8: R007 | B8: Chow Mein | C8: North | D8: Chinese | E8: 4.1
A9: R008 | B9: Pizza Palace | C9: South | D9: Italian | E9: 4.6
A10: R009 | B10: Taco Fiesta | C10: West | D10: Mexican | E10: 4.2
A11: R010 | B11: Food Express | C11: East | D11: Fast Food | E11: 3.9
A12: R011 | B12: Punjabi Rasoi | C12: Central | D12: Indian | E12: 4.7
A13: R012 | B13: Chinese Bowl | C13: North | D13: Chinese | E13: 4
... A16: R015 | B16: Fast Bite | C16: East | D16: Fast Food | E16: 4.1

Sheet Task2_Orders
A1: OrderID | B1: Restaurant ID | C1: OrderDate | D1: Customer Name | E1: Revenue | F1: Rating | G1: Restaurant Name | H1: Zone | J1: Zone | K1: Average Revenue
A2: 2001 | B2: R001 | C2: 46266 | D2: Jaya | E2: 650 | F2: 5 | G2: =_xlfn.XLOOKUP(B2,Task2_Restaurants!A2:A16,Task2_Restaurants!B2:B16,"Not Listed") -> Spice Hub | H2: =IFERROR(INDEX(Task2_Restaurants!C2:C16,MATCH(B2,Task2_Restaurants!A2:A16,0)),"Not Listed") -> Central | J2: {=_xlfn.UNIQUE(Task2_Restaurants!C2:C16)} -> Central | K2: =AVERAGEIF($H$2:$H$31,J2,$E$2:$E$31) -> 576.66667
A3: 2002 | B3: R002 | C3: 46267 | D3: Riya | E3: 450 | F3: 4 | G3: =_xlfn.XLOOKUP(B3,Task2_Restaurants!A3:A17,Task2_Restaurants!B3:B17,"Not Listed") -> Dragon House | H3: =IFERROR(INDEX(Task2_Restaurants!C3:C17,MATCH(B3,Task2_Restaurants!A3:A17,0)),"Not Listed") -> North | J3: North | K3: =AVERAGEIF($H$2:$H$31,J3,$E$2:$E$31) -> 636.66667
A4: 2003 | B4: R003 | C4: 46268 | D4: Neha | E4: 720 | F4: 4 | G4: =_xlfn.XLOOKUP(B4,Task2_Restaurants!A4:A18,Task2_Restaurants!B4:B18,"Not Listed") -> Pasta Point | H4: =IFERROR(INDEX(Task2_Restaurants!C4:C18,MATCH(B4,Task2_Restaurants!A4:A18,0)),"Not Listed") -> South | J4: South | K4: =AVERAGEIF($H$2:$H$31,J4,$E$2:$E$31) -> 713.33333
A5: 2004 | B5: R004 | C5: 46269 | D5: Priya | E5: 850 | F5: 5 | G5: =_xlfn.XLOOKUP(B5,Task2_Restaurants!A5:A19,Task2_Restaurants!B5:B19,"Not Listed") -> Taco Town | H5: =IFERROR(INDEX(Task2_Restaurants!C5:C19,MATCH(B5,Task2_Restaurants!A5:A19,0)),"Not Listed") -> West | J5: West | K5: =AVERAGEIF($H$2:$H$31,J5,$E$2:$E$31) -> 840
A6: 2005 | B6: R005 | C6: 46270 | D6: Anita | E6: 550 | F6: 4 | G6: =_xlfn.XLOOKUP(B6,Task2_Restaurants!A6:A20,Task2_Restaurants!B6:B20,"Not Listed") -> Burger King | H6: =IFERROR(INDEX(Task2_Restaurants!C6:C20,MATCH(B6,Task2_Restaurants!A6:A20,0)),"Not Listed") -> East | J6: East | K6: =AVERAGEIF($H$2:$H$31,J6,$E$2:$E$31) -> 546.66667
A7: 2006 | B7: R006 | C7: 46271 | D7: Kavya | E7: 400 | F7: 5 | G7: =_xlfn.XLOOKUP(B7,Task2_Restaurants!A7:A21,Task2_Restaurants!B7:B21,"Not Listed") -> Curry House | H7: =IFERROR(INDEX(Task2_Restaurants!C7:C21,MATCH(B7,Task2_Restaurants!A7:A21,0)),"Not Listed") -> Central
A8: 2007 | B8: R007 | C8: 46272 | D8: Simran | E8: 900 | F8: 3 | G8: =_xlfn.XLOOKUP(B8,Task2_Restaurants!A8:A22,Task2_Restaurants!B8:B22,"Not Listed") -> Chow Mein | H8: =IFERROR(INDEX(Task2_Restaurants!C8:C22,MATCH(B8,Task2_Restaurants!A8:A22,0)),"Not Listed") -> North
A9: 2008 | B9: R008 | C9: 46273 | D9: Meera | E9: 620 | F9: 4 | G9: =_xlfn.XLOOKUP(B9,Task2_Restaurants!A9:A23,Task2_Restaurants!B9:B23,"Not Listed") -> Pizza Palace | H9: =IFERROR(INDEX(Task2_Restaurants!C9:C23,MATCH(B9,Task2_Restaurants!A9:A23,0)),"Not Listed") -> South
A10: 2009 | B10: R009 | C10: 46274 | D10: Pooja | E10: 750 | F10: 5 | G10: =_xlfn.XLOOKUP(B10,Task2_Restaurants!A10:A24,Task2_Restaurants!B10:B24,"Not Listed") -> Taco Fiesta | H10: =IFERROR(INDEX(Task2_Restaurants!C10:C24,MATCH(B10,Task2_Restaurants!A10:A24,0)),"Not Listed") -> West
A11: 2010 | B11: R010 | C11: 46275 | D11: Anjali | E11: 480 | F11: 3 | G11: =_xlfn.XLOOKUP(B11,Task2_Restaurants!A11:A25,Task2_Restaurants!B11:B25,"Not Listed") -> Food Express | H11: =IFERROR(INDEX(Task2_Restaurants!C11:C25,MATCH(B11,Task2_Restaurants!A11:A25,0)),"Not Listed") -> East
A12: 2011 | B12: R011 | C12: 46276 | D12: Rahul | E12: 680 | F12: 4 | G12: =_xlfn.XLOOKUP(B12,Task2_Restaurants!A12:A26,Task2_Restaurants!B12:B26,"Not Listed") -> Punjabi Rasoi | H12: =IFERROR(INDEX(Task2_Restaurants!C12:C26,MATCH(B12,Task2_Restaurants!A12:A26,0)),"Not Listed") -> Central
A13: 2012 | B13: R012 | C13: 46277 | D13: Aman | E13: 560 | F13: 5 | G13: =_xlfn.XLOOKUP(B13,Task2_Restaurants!A13:A27,Task2_Restaurants!B13:B27,"Not Listed") -> Chinese Bowl | H13: =IFERROR(INDEX(Task2_Restaurants!C13:C27,MATCH(B13,Task2_Restaurants!A13:A27,0)),"Not Listed") -> North
A14: 2013 | B14: R013 | C14: 46278 | D14: Rohan | E14: 800 | F14: 4 | G14: =_xlfn.XLOOKUP(B14,Task2_Restaurants!A14:A28,Task2_Restaurants!B14:B28,"Not Listed") -> Italian Kitchen | H14: =IFERROR(INDEX(Task2_Restaurants!C14:C28,MATCH(B14,Task2_Restaurants!A14:A28,0)),"Not Listed") -> South
A15: 2014 | B15: R014 | C15: 46279 | D15: Vivek | E15: 920 | F15: 5 | G15: =_xlfn.XLOOKUP(B15,Task2_Restaurants!A15:A29,Task2_Restaurants!B15:B29,"Not Listed") -> Mexican Grill | H15: =IFERROR(INDEX(Task2_Restaurants!C15:C29,MATCH(B15,Task2_Restaurants!A15:A29,0)),"Not Listed") -> West
A16: 2015 | B16: R015 | C16: 46280 | D16: Arjun | E16: 610 | F16: 5 | G16: =_xlfn.XLOOKUP(B16,Task2_Restaurants!A16:A30,Task2_Restaurants!B16:B30,"Not Listed") -> Fast Bite | H16: =IFERROR(INDEX(Task2_Restaurants!C16:C30,MATCH(B16,Task2_Restaurants!A16:A30,0)),"Not Listed") -> East
A17: 2016 | B17: R001 | C17: 46281 | D17: Nisha | E17: 530 | F17: 4 | G17: =_xlfn.XLOOKUP(B17,Task2_Restaurants!A17:A31,Task2_Restaurants!B17:B31,"Not Listed") -> Not Listed | H17: =IFERROR(INDEX(Task2_Restaurants!C17:C31,MATCH(B17,Task2_Restaurants!A17:A31,0)),"Not Listed") -> Not Listed
A18: 2017 | B18: R002 | C18: 46282 | D18: Sneha | E18: 700 | F18: 4 | G18: =_xlfn.XLOOKUP(B18,Task2_Restaurants!A18:A32,Task2_Restaurants!B18:B32,"Not Listed") -> Not Listed | H18: =IFERROR(INDEX(Task2_Restaurants!C18:C32,MATCH(B18,Task2_Restaurants!A18:A32,0)),"Not Listed") -> Not Listed
... A31: 2030 | B31: R015 | C31: 46295 | D31: Manisha | E31: 540 | F31: 4 | G31: =_xlfn.XLOOKUP(B31,Task2_Restaurants!A31:A45,Task2_Restaurants!B31:B45,"Not Listed") -> Not Listed | H31: =IFERROR(INDEX(Task2_Restaurants!C31:C45,MATCH(B31,Task2_Restaurants!A31:A45,0)),"Not Listed") -> Not Listed

Sheet Task 3 - Dataset
A1: OrderDate | B1: Cuisine | C1: Zone | D1: Revenue | E1: Delivery Time | F1: Status | G1: OrderCount | H1: RevenuePerOrder
A2: 46204 | B2: Indian | C2: Central | D2: 650 | E2: 25 | F2: Delivered | G2: 1 | H2: =D2/G2 -> 650
A3: 46205 | B3: Chinese | C3: North | D3: 450 | E3: 42 | F3: Delivered | G3: 1 | H3: =D3/G3 -> 450
A4: 46206 | B4: Italian | C4: South | D4: 720 | E4: 35 | F4: Delivered | G4: 1 | H4: =D4/G4 -> 720
A5: 46207 | B5: Mexican | C5: West | D5: 850 | E5: 30 | F5: Delivered | G5: 1 | H5: =D5/G5 -> 850
A6: 46208 | B6: Fast Food | C6: East | D6: 550 | E6: 48 | F6: Delivered | G6: 1 | H6: =D6/G6 -> 550
A7: 46209 | B7: Indian | C7: Central | D7: 400 | E7: 22 | F7: Cancelled | G7: 1 | H7: =D7/G7 -> 400
A8: 46210 | B8: Chinese | C8: North | D8: 900 | E8: 65 | F8: Delivered | G8: 1 | H8: =D8/G8 -> 900
A9: 46211 | B9: Italian | C9: South | D9: 620 | E9: 35 | F9: Delivered | G9: 1 | H9: =D9/G9 -> 620
A10: 46212 | B10: Mexican | C10: West | D10: 750 | E10: 28 | F10: Delivered | G10: 1 | H10: =D10/G10 -> 750
A11: 46213 | B11: Fast Food | C11: East | D11: 480 | E11: 52 | F11: Cancelled | G11: 1 | H11: =D11/G11 -> 480
A12: 46214 | B12: Indian | C12: Central | D12: 680 | E12: 27 | F12: Delivered | G12: 1 | H12: =D12/G12 -> 680
A13: 46215 | B13: Chinese | C13: North | D13: 560 | E13: 44 | F13: Delivered | G13: 1 | H13: =D13/G13 -> 560
... A52: 46254 | B52: Indian | C52: Central | D52: 810 | E52: 42 | F52: Delivered | G52: 1 | H52: =D52/G52 -> 810

Sheet Task3_Table1
A3: Average of RevenuePerOrder | B3: Column Labels
A4: Row Labels | B4: Central | C4: East | D4: North | E4: South | F4: West | G4: Grand Total
A5: Chinese | D5: 622 | G5: 622
A6: Fast Food | C6: 620 | G6: 620
A7: Indian | B7: 633.63636 | G7: 633.63636
A8: Italian | E8: 782 | G8: 782
A9: Mexican | F9: 745 | G9: 745
A10: Grand Total | B10: 633.63636 | C10: 620 | D10: 622 | E10: 782 | F10: 745 | G10: 679.60784

Sheet Task3_Table2
A3: Row Labels | B3: Count of OrderDate
A4: Qtr3 | B4: 51
A5: Jul | B5: 31
A6: Aug | B6: 20
A7: Grand Total | B7: 51

Sheet Task 4 - Data
A1: OrderDate | B1: Cuisine | C1: Zone | D1: Revenue | E1: Delivery Time | F1: Status | G1: OrderCount | H1: RevenuePerOrder | I1: Rating | J1: Outerlier Flag
A2: 46204 | B2: Indian | C2: Central | D2: 650 | E2: 25 | F2: Delivered | G2: 1 | H2: =D2/G2 -> 650 | I2: 5 | J2: =IF(OR(E2<'Stats Summary'!$B$13,E2>'Stats Summary'!$B$14),"Yes","No") -> No
A3: 46205 | B3: Chinese | C3: North | D3: 450 | E3: 42 | F3: Delivered | G3: 1 | H3: =D3/G3 -> 450 | I3: 4 | J3: =IF(OR(E3<'Stats Summary'!$B$13,E3>'Stats Summary'!$B$14),"Yes","No") -> No
A4: 46206 | B4: Italian | C4: South | D4: 720 | E4: 35 | F4: Delivered | G4: 1 | H4: =D4/G4 -> 720 | I4: 4 | J4: =IF(OR(E4<'Stats Summary'!$B$13,E4>'Stats Summary'!$B$14),"Yes","No") -> No
A5: 46207 | B5: Mexican | C5: West | D5: 850 | E5: 30 | F5: Delivered | G5: 1 | H5: =D5/G5 -> 850 | I5: 5 | J5: =IF(OR(E5<'Stats Summary'!$B$13,E5>'Stats Summary'!$B$14),"Yes","No") -> No
A6: 46208 | B6: Fast Food | C6: East | D6: 550 | E6: 48 | F6: Delivered | G6: 1 | H6: =D6/G6 -> 550 | I6: 3 | J6: =IF(OR(E6<'Stats Summary'!$B$13,E6>'Stats Summary'!$B$14),"Yes","No") -> No
A7: 46209 | B7: Indian | C7: Central | D7: 400 | E7: 22 | F7: Cancelled | G7: 1 | H7: =D7/G7 -> 400 | I7: 2 | J7: =IF(OR(E7<'Stats Summary'!$B$13,E7>'Stats Summary'!$B$14),"Yes","No") -> No
A8: 46210 | B8: Chinese | C8: North | D8: 900 | E8: 65 | F8: Delivered | G8: 1 | H8: =D8/G8 -> 900 | I8: 5 | J8: =IF(OR(E8<'Stats Summary'!$B$13,E8>'Stats Summary'!$B$14),"Yes","No") -> No
A9: 46211 | B9: Italian | C9: South | D9: 620 | E9: 35 | F9: Delivered | G9: 1 | H9: =D9/G9 -> 620 | I9: 4 | J9: =IF(OR(E9<'Stats Summary'!$B$13,E9>'Stats Summary'!$B$14),"Yes","No") -> No
A10: 46212 | B10: Mexican | C10: West | D10: 750 | E10: 28 | F10: Delivered | G10: 1 | H10: =D10/G10 -> 750 | I10: 5 | J10: =IF(OR(E10<'Stats Summary'!$B$13,E10>'Stats Summary'!$B$14),"Yes","No") -> No
A11: 46213 | B11: Fast Food | C11: East | D11: 480 | E11: 52 | F11: Cancelled | G11: 1 | H11: =D11/G11 -> 480 | I11: 2 | J11: =IF(OR(E11<'Stats Summary'!$B$13,E11>'Stats Summary'!$B$14),"Yes","No") -> No
A12: 46214 | B12: Indian | C12: Central | D12: 680 | E12: 27 | F12: Delivered | G12: 1 | H12: =D12/G12 -> 680 | I12: 4 | J12: =IF(OR(E12<'Stats Summary'!$B$13,E12>'Stats Summary'!$B$14),"Yes","No") -> No
A13: 46215 | B13: Chinese | C13: North | D13: 560 | E13: 44 | F13: Delivered | G13: 1 | H13: =D13/G13 -> 560 | I13: 4 | J13: =IF(OR(E13<'Stats Summary'!$B$13,E13>'Stats Summary'!$B$14),"Yes","No") -> No
... A51: 46253 | B51: Fast Food | C51: East | D51: 590 | E51: 23 | F51: Delivered | G51: 1 | H51: =D51/G51 -> 590 | I51: 5 | J51: =IF(OR(E51<'Stats Summary'!$B$13,E51>'Stats Summary'!$B$14),"Yes","No") -> No
A52: 46254 | B52: Indian | C52: Central | D52: 810 | E52: 42 | F52: Delivered | G52: 1 | H52: =D52/G52 -> 810 | J52: =IF(OR(E52<'Stats Summary'!$B$13,E52>'Stats Summary'!$B$14),"Yes","No") -> No

Sheet Stats Summary
A1: Statistic | B1: Value
A2: Mean | B2: =AVERAGE('Task 4 - Data'!E2:E51) -> 38.32
A3: Median | B3: =MEDIAN('Task 4 - Data'!E2:E51) -> 35.5
A4: Mode | B4: =MODE('Task 4 - Data'!E2:E43) -> 35
A5: Standard Deviation | B5: =_xlfn.STDEV.S('Task 4 - Data'!E2:E51) -> 12.014345
A6: Variance | B6: =_xlfn.VAR.S('Task 4 - Data'!E2:E51) -> 144.34449
A7: Minimum | B7: =MIN('Task 4 - Data'!E2:E51) -> 21
A8: Maximum | B8: =MAX('Task 4 - Data'!E2:E51) -> 68
A9: 25th Percentile | B9: =_xlfn.QUARTILE.INC('Task 4 - Data'!E2:E51,1) -> 29
A10: 75th Percentile | B10: =_xlfn.QUARTILE.INC('Task 4 - Data'!E2:E51,3) -> 45.75
A12: IQR | B12: =B10-B9 -> 16.75
A13: Lower Bound | B13: =B9-(1.5*B12) -> 3.875
A14: Upper Bound | B14: =B10+(1.5*B12) -> 70.875
